"femurlength","headwidth","prothoraxlength","prothoraxwidth","ovipositorlength"
1,0.783839345692078,0.683419332927933,0.57942516214373,0.788416287016413
0.783839345692078,1,0.815738121581555,0.903105353884449,0.713110176586284
0.683419332927933,0.815738121581555,1,0.837696894119298,0.637105935449375
0.57942516214373,0.903105353884449,0.837696894119298,1,0.671950489170806
0.788416287016413,0.713110176586284,0.637105935449375,0.671950489170806,1
