"femurlength","headwidth","prothoraxlength","prothoraxwidth","ovipositorlength"
1,0.799656422069281,0.732334099395781,0.241670180689355,0.308941233030454
0.799656422069281,1,0.748499325781118,0.824995710707911,0.704002762687418
0.732334099395781,0.748499325781118,1,0.714822367351422,0.621073489256102
0.241670180689355,0.824995710707911,0.714822367351422,1,0.647069657943471
0.308941233030454,0.704002762687418,0.621073489256102,0.647069657943471,1
