face.width,head.width,eye.length,thorax.length,scutellum.width,wing.length,wing.width
1.000000,0.740000,0.502000,0.530000,0.489000,0.348000,0.373000
0.740000,1.000000,0.318000,0.401000,0.354000,0.193000,0.353000
0.502000,0.318000,1.000000,0.593000,0.421000,0.388000,0.231000
0.530000,0.401000,0.593000,1.000000,0.601000,0.497000,0.368000
0.489000,0.354000,0.421000,0.601000,1.000000,0.321000,0.310000
0.348000,0.193000,0.388000,0.497000,0.321000,1.000000,0.500000
0.373000,0.353000,0.231000,0.368000,0.310000,0.500000,1.000000
