"femurlength","headwidth","prothoraxlength","prothoraxwidth","ovipositorlength"
1,0.879535632732271,0.88152147174756,0.882934876249844,0.740813187237836
0.879535632732271,1,0.892870339600923,0.912437231238379,0.78182773538711
0.88152147174756,0.892870339600923,1,0.889979224596862,0.710984043764349
0.882934876249844,0.912437231238379,0.889979224596862,1,0.754112457991806
0.740813187237836,0.78182773538711,0.710984043764349,0.754112457991806,1
