"femurlength","headwidth","prothoraxlength","prothoraxwidth","ovipositorlength"
1,0.848932246572816,0.804333178118462,0.854826462972818,0.664502101717964
0.848932246572816,1,0.815738121581555,0.903105353884449,0.713110176586284
0.804333178118462,0.815738121581555,1,0.837696894119298,0.637105935449375
0.854826462972818,0.903105353884449,0.837696894119298,1,0.671950489170806
0.664502101717964,0.713110176586284,0.637105935449375,0.671950489170806,1
