"femurlength","headwidth","prothoraxlength","prothoraxwidth","ovipositorlength"
1,0.810285886826869,0.784656262294483,0.805502974506296,0.68574780866632
0.810285886826869,1,0.803346658459806,0.882570212606442,0.718856708174458
0.784656262294483,0.803346658459806,1,0.802337759317339,0.64480219257511
0.805502974506296,0.882570212606442,0.802337759317339,1,0.652746808706923
0.68574780866632,0.718856708174458,0.64480219257511,0.652746808706923,1
