"femurlength","headwidth","prothoraxlength","prothoraxwidth","ovipositorlength"
1,0.78286478264072,0.767637323568887,0.787817037710851,0.632679914216635
0.78286478264072,1,0.829677871657616,0.907287407177296,0.760885910252682
0.767637323568887,0.829677871657616,1,0.874440584463994,0.731494996655049
0.787817037710851,0.907287407177296,0.874440584463994,1,0.757092850415152
0.632679914216635,0.760885910252682,0.731494996655049,0.757092850415152,1
