"scutellumlength","greatestwidthofpalatalplate","scutellumwidth","winglength","eyewidth"
1,0.0878775679541143,0.428003587550543,0.306739674683534,0.138534294051864
0.0878775679541143,1,0.331735981045818,0.312484320798482,0.254189720995566
0.428003587550543,0.331735981045818,1,0.477655779093531,0.307867974899678
0.306739674683534,0.312484320798482,0.477655779093531,1,0.357974952595776
0.138534294051864,0.254189720995566,0.307867974899678,0.357974952595776,1
