"winglength","basitarsuslength","eyelength","scutellumlength","greatestwidthofpalatalplate"
1,0.518605308615718,4.36938014360587,0.306739674683534,0.312484320798482
0.518605308615718,1,0.345041061639327,0.175951076519986,0.254150224312998
4.36938014360587,0.345041061639327,1,0.168186313409744,0.354888686287793
0.306739674683534,0.175951076519986,0.168186313409744,1,0.0878775679541143
0.312484320798482,0.254150224312998,0.354888686287793,0.0878775679541143,1
