"eyewidth","wingwidth","basitarsuswidth","greatestwidthofpalatalplate","scutellumwidth"
1,0.369918020529047,0.156384697678518,0.350047062297422,0.149684605003894
0.369918020529047,1,0.172441399434104,0.375100878347439,0.510157261705936
0.156384697678518,0.172441399434104,1,0.154331474148958,0.0992522817679885
0.350047062297422,0.375100878347439,0.154331474148958,1,0.370955155676456
0.149684605003894,0.510157261705936,0.0992522817679885,0.370955155676456,1
