"palatalplatelength","scutellumwidth","eyelength","prementumwidth","scutellumlength"
1,0.376480443366694,0.472020664065368,0.207033356516375,0.189137503218357
0.376480443366694,1,0.416972242049016,0.249486483696887,0.428003587550543
0.472020664065368,0.416972242049016,1,0.249429001655636,0.168186313409744
0.207033356516375,0.249486483696887,0.249429001655636,1,0.0830570588855471
0.189137503218357,0.428003587550543,0.168186313409744,0.0830570588855471,1
