"prementumwidth","wingwidth","basitarsuswidth","tibiawidth","epipharynxlength"
1,0.252999686692695,0.0447333228955592,0.133657999837615,0.209242813940505
0.252999686692695,1,0.106021959685686,0.274197525941311,0.328481270666289
0.0447333228955592,0.106021959685686,1,-0.00992854189752472,0.0754691238750514
0.133657999837615,0.274197525941311,-0.00992854189752472,1,0.147384587477477
0.209242813940505,0.328481270666289,0.0754691238750514,0.147384587477477,1
