"winglength","basitarsuslength","palatalplatelength","prementumwidth","epipharynxlength"
1,0.580299420255252,0.439472795306189,0.256718418095107,0.307755854895612
0.580299420255252,1,0.423043118989138,0.245514818776615,0.294954023343563
0.439472795306189,0.423043118989138,1,0.26314362494288,0.537541781614695
0.256718418095107,0.245514818776615,0.26314362494288,1,0.274806162392221
0.307755854895612,0.294954023343563,0.537541781614695,0.274806162392221,1
