"scutellumlength","greatestwidthofpalatalplate","palatalplatelength","scutellumwidth","tibiawidth"
1,0.0878775679541143,0.189137503218357,0.428003587550543,0.0832811110513463
0.0878775679541143,1,0.31978691189993,0.331735981045818,0.133256319535463
0.189137503218357,0.31978691189993,1,0.376480443366694,0.191212399078705
0.428003587550543,0.331735981045818,0.376480443366694,1,0.241159118674635
0.0832811110513463,0.133256319535463,0.191212399078705,0.241159118674635,1
