"tibiawidth","basitarsuslength","epipharynxlength","winglength","betweenmystaxbristledistance"
1,0.304497181942258,0.0889333037097797,0.30230302164081,0.18117404638793
0.304497181942258,1,0.294954023343563,0.580299420255252,0.27647371530292
0.0889333037097797,0.294954023343563,1,0.307755854895612,0.221789416511154
0.30230302164081,0.580299420255252,0.307755854895612,1,0.359315073506439
0.18117404638793,0.27647371530292,0.221789416511154,0.359315073506439,1
