"palatalplatelength","wingwidth","eyewidth","prementumlength","basitarsuslength"
1,0.403376854816091,0.381135704909841,0.27404934285764,0.423043118989138
0.403376854816091,1,0.369918020529047,0.286710229757487,0.516729329668259
0.381135704909841,0.369918020529047,1,0.25876781394058,0.41371997681125
0.27404934285764,0.286710229757487,0.25876781394058,1,0.293702972491769
0.423043118989138,0.516729329668259,0.41371997681125,0.293702972491769,1
