"wingwidth","epipharynxlength","scutellumlength","tibiawidth","betweenmystaxbristledistance"
1,0.292510953241301,0.311204299765381,0.312107206535839,0.34240084578171
0.292510953241301,1,0.175178041929492,0.0889333037097797,0.221789416511154
0.311204299765381,0.175178041929492,1,0.176040894038139,0.223475019957652
0.312107206535839,0.0889333037097797,0.176040894038139,1,0.18117404638793
0.34240084578171,0.221789416511154,0.223475019957652,0.18117404638793,1
