"interLMdistanceI","interLMdistanceB","interLMdistanceF","interLMdistanceA","interLMdistanceJ"
1,0.16807918920528,0.735143323967765,-0.0643448609635816,0.63015629476792
0.16807918920528,1,0.312256707038194,0.202547667365264,0.207327747818585
0.735143323967765,0.312256707038194,1,0.0365093420696669,0.544407508147554
-0.0643448609635816,0.202547667365264,0.0365093420696669,1,-0.0167078456300913
0.63015629476792,0.207327747818585,0.544407508147554,-0.0167078456300913,1
