"interLMdistanceG","interLMdistanceE","interLMdistanceD","interLMdistanceH","interLMdistanceF"
1,0.489692221884839,0.22462987174837,-0.0235760972188119,0.458598479904235
0.489692221884839,1,0.394769878823822,0.615278561634413,0.665515756201827
0.22462987174837,0.394769878823822,1,0.271922385511083,0.782885150022531
-0.0235760972188119,0.615278561634413,0.271922385511083,1,0.375323079705125
0.458598479904235,0.665515756201827,0.782885150022531,0.375323079705125,1
