"interLMdistanceA","interLMdistanceH","interLMdistanceI","interLMdistanceF","interLMdistanceD"
1,-0.12765450048629,-0.180507926978645,0.0461620964309878,0.0350167834303982
-0.12765450048629,1,0.548427779578216,0.375323079705125,0.271922385511083
-0.180507926978645,0.548427779578216,1,0.69889589836638,0.657469762292075
0.0461620964309878,0.375323079705125,0.69889589836638,1,0.782885150022531
0.0350167834303982,0.271922385511083,0.657469762292075,0.782885150022531,1
