"interLMdistanceG","interLMdistanceF","interLMdistanceE","interLMdistanceC","interLMdistanceB"
1,0.611156044471487,0.603868386855582,0.70247636710776,0.316183428574532
0.611156044471487,1,0.756845202066564,0.462904506323645,0.312256707038194
0.603868386855582,0.756845202066564,1,0.447012961306146,0.239709692347177
0.70247636710776,0.462904506323645,0.447012961306146,1,0.385561364089126
0.316183428574532,0.312256707038194,0.239709692347177,0.385561364089126,1
