"interLMdistanceJ","interLMdistanceB","interLMdistanceH","interLMdistanceD","interLMdistanceE"
1,0.207327747818585,-0.239930456273942,0.47317479473302,-0.123177505509308
0.207327747818585,1,0.0334546242910755,0.0818553704984875,0.239709692347177
-0.239930456273942,0.0334546242910755,1,0.215399307586118,0.467315538072056
0.47317479473302,0.0818553704984875,0.215399307586118,1,0.652562558723183
-0.123177505509308,0.239709692347177,0.467315538072056,0.652562558723183,1
