"interLMdistanceA","interLMdistanceI","interLMdistanceG","interLMdistanceF","interLMdistanceC"
1,-0.180507926978645,0.234742654618482,0.0461620964309878,0.374396866370635
-0.180507926978645,1,0.0639360192702424,0.69889589836638,0.218445582919964
0.234742654618482,0.0639360192702424,1,0.458598479904235,0.557377216995927
0.0461620964309878,0.69889589836638,0.458598479904235,1,0.385141052121555
0.374396866370635,0.218445582919964,0.557377216995927,0.385141052121555,1
