"interLMdistanceA","interLMdistanceJ","interLMdistanceE","interLMdistanceH","interLMdistanceB"
1,-0.0167078456300913,0.0882325257682175,-0.036407462104467,0.202547667365264
-0.0167078456300913,1,-0.123177505509308,-0.239930456273942,0.207327747818585
0.0882325257682175,-0.123177505509308,1,0.467315538072056,0.239709692347177
-0.036407462104467,-0.239930456273942,0.467315538072056,1,0.0334546242910755
0.202547667365264,0.207327747818585,0.239709692347177,0.0334546242910755,1
