"interLMdistanceA","interLMdistanceG","interLMdistanceH","interLMdistanceI","interLMdistanceC"
1,0.234742654618482,-0.12765450048629,-0.180507926978645,0.374396866370635
0.234742654618482,1,-0.0235760972188119,0.0639360192702424,0.557377216995927
-0.12765450048629,-0.0235760972188119,1,0.548427779578216,0.104086911913269
-0.180507926978645,0.0639360192702424,0.548427779578216,1,0.218445582919964
0.374396866370635,0.557377216995927,0.104086911913269,0.218445582919964,1
