"orangearea","blackarea","orangebrightness","fuzzyarea","tailarea"
1,-0.691947929407107,1.17029307906033,-0.299110618884746,-0.570849389223308
-0.691947929407107,1,-2.39655248560607,-1.1090163137957,0.0868092126010998
1.17029307906033,-2.39655248560607,1,0.890953674223527,-0.757198453849497
-0.299110618884746,-1.1090163137957,0.890953674223527,1,0.488816476996484
-0.570849389223308,0.0868092126010998,-0.757198453849497,0.488816476996484,1
