"orangechroma","tailarea","iridescentare","orangearea","fuzzyarea"
1,0.533649195566135,-1.2896935110785,0.581698008692493,0.0384900179459751
0.533649195566135,1,1.1911913735433,-0.570849389223308,0.488816476996484
-1.2896935110785,1.1911913735433,1,-0.910183855080652,-0.416102735884483
0.581698008692493,-0.570849389223308,-0.910183855080652,1,-0.299110618884746
0.0384900179459751,0.488816476996484,-0.416102735884483,-0.299110618884746,1
