"orangechroma","blackarea","iridescentare","fuzzyarea","tailarea"
1,0.0469938251233494,-1.2896935110785,0.0384900179459751,0.533649195566135
0.0469938251233494,1,0.187170626142525,-1.1090163137957,0.0868092126010998
-1.2896935110785,0.187170626142525,1,-0.416102735884483,1.1911913735433
0.0384900179459751,-1.1090163137957,-0.416102735884483,1,0.488816476996484
0.533649195566135,0.0868092126010998,1.1911913735433,0.488816476996484,1
