"tailarea","blackarea","fuzzyarea","orangebrightness","orangechroma"
1,0.0868092126010998,0.488816476996484,-0.757198453849497,0.533649195566135
0.0868092126010998,1,-1.1090163137957,-2.39655248560607,0.0469938251233494
0.488816476996484,-1.1090163137957,1,0.890953674223527,0.0384900179459751
-0.757198453849497,-2.39655248560607,0.890953674223527,1,-1.54317703094532
0.533649195566135,0.0469938251233494,0.0384900179459751,-1.54317703094532,1
