"fuzzyarea","orangebrightness","iridescentare","blackarea","orangechroma"
1,0.890953674223527,-0.416102735884483,-1.1090163137957,0.0384900179459751
0.890953674223527,1,-0.859748106185766,-2.39655248560607,-1.54317703094532
-0.416102735884483,-0.859748106185766,1,0.187170626142525,-1.2896935110785
-1.1090163137957,-2.39655248560607,0.187170626142525,1,0.0469938251233494
0.0384900179459751,-1.54317703094532,-1.2896935110785,0.0469938251233494,1
