"winglength","basitarsuslength","palatalplatelength","prementumwidth","epipharynxlength"
1,0.473351927894527,0.338123147207984,-0.0318559793608853,0.454575541371381
0.473351927894527,1,0.377914612987774,-0.127581739567239,0.523378701562441
0.338123147207984,0.377914612987774,1,0.249260269233149,0.64980716882121
-0.0318559793608853,-0.127581739567239,0.249260269233149,1,0.352156638576625
0.454575541371381,0.523378701562441,0.64980716882121,0.352156638576625,1
