"prementumwidth","wingwidth","basitarsuswidth","tibiawidth","epipharynxlength"
1,0.517148044413466,0.472996140285889,-0.168981592354844,0.507335034841392
0.517148044413466,1,0.226349754239589,0.280625863044949,0.518456165546641
0.472996140285889,0.226349754239589,1,0.963624111659432,0
-0.168981592354844,0.280625863044949,0.963624111659432,1,0.280004226510789
0.507335034841393,0.518456165546641,0,0.280004226510789,1
