"palatalplatelength","scutellumwidth","eyelength","prementumwidth","scutellumlength"
1,0.511906099536169,0.641296567970853,0.221606894717361,0.646463155073772
0.511906099536169,1,0.482884015759273,0.239539476360089,0.800753201824373
0.641296567970853,0.482884015759273,1,0.450060336413224,0.76835521650809
0.221606894717361,0.239539476360089,0.450060336413224,1,0.018386958859829
0.646463155073772,0.800753201824373,0.76835521650809,0.018386958859829,1
