"wingwidth","epipharynxlength","scutellumlength","tibiawidth","betweenmystaxbristledistance"
1,0.404150483327311,0.0711097987375529,0.20430393613712,0.15866884543084
0.404150483327311,1,0.14045694217147,0.137373788862208,0.482639780505572
0.0711097987375529,0.14045694217147,1,0.195927182855272,0.182330627098294
0.20430393613712,0.137373788862208,0.195927182855272,1,0.152698440001808
0.15866884543084,0.482639780505573,0.182330627098294,0.152698440001808,1
