"eyewidth","wingwidth","basitarsuswidth","greatestwidthofpalatalplate","scutellumwidth"
1,0.478714220106274,0.702581327516015,-0.134621989074342,0.229663824424461
0.478714220106274,1,0.772676476025398,0.725543069664111,0.459960328392321
0.702581327516015,0.772676476025398,1,0.367107460254,0.846037416634056
-0.134621989074342,0.725543069664111,0.367107460254,1,0.214830021143452
0.229663824424461,0.459960328392321,0.846037416634056,0.214830021143452,1
