"scutellumlength","greatestwidthofpalatalplate","palatalplatelength","scutellumwidth","tibiawidth"
1,0.078097039908887,0.646463155073772,0.800753201824373,0.895593497030755
0.078097039908887,1,0.208454423615259,0.389560470703675,-0.0636700318541775
0.646463155073772,0.208454423615259,1,0.511906099536169,0.373446082375086
0.800753201824373,0.389560470703675,0.511906099536169,1,-0.526839444592555
0.895593497030755,-0.0636700318541775,0.373446082375086,-0.526839444592555,1
