"palatalplatelength","wingwidth","eyewidth","prementumlength","basitarsuslength"
1,0.423620484597359,0.0266480711771316,-0.156774845975513,0.377914612987774
0.423620484597359,1,0.478714220106274,0.560005859711023,0.536213918545449
0.0266480711771316,0.478714220106274,1,-0.362099892325516,0.461430258873386
-0.156774845975513,0.560005859711023,-0.362099892325516,1,0.179135068820978
0.377914612987774,0.53621391854545,0.461430258873386,0.179135068820978,1
