"scutellumlength","greatestwidthofpalatalplate","scutellumwidth","winglength","eyewidth"
1,0.078097039908887,0.800753201824373,0.676545893564073,0.974715489058901
0.078097039908887,1,0.389560470703675,0.331759940698895,0.279032612974516
0.800753201824373,0.389560470703675,1,0.432847677432597,0.484790326297609
0.676545893564073,0.331759940698895,0.432847677432597,1,0.506250989447379
0.974715489058901,0.279032612974516,0.484790326297609,0.506250989447379,1
