"tibiawidth","basitarsuslength","epipharynxlength","winglength","betweenmystaxbristledistance"
1,0.141106949984526,0.137373788862208,0.284928541363079,0.152698440001808
0.141106949984526,1,0.523378701562441,0.473351927894527,0.0823528271933976
0.137373788862208,0.523378701562441,1,0.454575541371381,0.482639780505572
0.284928541363079,0.473351927894527,0.454575541371381,1,0.204221222339448
0.152698440001808,0.0823528271933976,0.482639780505573,0.204221222339448,1
