"dentitionM2mw","dentitionM1l","dentitionM2l","dentitionM1dw","dentitionl1md"
1,0.485000001,0.691999999,0.788999999,-0.042
0.485000001,1,0.918000002,0.526,0.11
0.691999999,0.918000002,1,0.466000001,0.127999999
0.788999999,0.526,0.466000001,1,-0.034000001
-0.042,0.11,0.127999999,-0.034000001,1
