"dentitionl1md","dentitionP4l","dentitionM1dw","dentitionP3l","dentitionM2l"
1,0.020999999,-0.034000001,0.046000002,0.127999999
0.020999999,1,0.445000001,0.917000004,0.728999999
-0.034000001,0.445000001,1,0.248999997,0.466000001
0.046000002,0.917000004,0.248999997,1,0.638999999
0.127999999,0.728999999,0.466000001,0.638999999,1
