"dentitionP4w","dentitionl2md","dentitionM3dw","dentitionM2mw","dentitionP4l"
1,0.199000002,0.133000002,0.58,0.556000002
0.199000002,1,0.350000001,-0.007,-0.006
0.133000002,0.350000001,1,0.913999997,0.609999999
0.58,-0.007,0.913999997,1,0.468000001
0.556000002,-0.006,0.609999999,0.468000001,1
