"dentitionP3w","dentitionM1l","dentitionl2md","dentitionl1ll","dentitionM3dw"
1,0.313,0.163,0.437,-0.024999998
0.313,1,0.301000001,0.461000001,0.253000002
0.163,0.301000001,1,0.862,0.350000001
0.437,0.461000001,0.862,1,0.259999999
-0.024999998,0.253000002,0.350000001,0.259999999,1
