"interLMdistanceA","interLMdistanceH","interLMdistanceI","interLMdistanceF","interLMdistanceD"
1,-0.249153974,-0.969954025,-0.246598481,0.072065447
-0.249153974,1,-0.028867513,-0.476313972,-0.533287375
-0.969954025,-0.028867513,1,-0.76,-0.263014202
-0.246598481,-0.476313972,-0.76,1,-0.281800931
0.072065447,-0.533287375,-0.263014202,-0.281800931,1
