"interLMdistanceI","interLMdistanceB","interLMdistanceF","interLMdistanceA","interLMdistanceJ"
1,-0.040770716,0.867632481,-0.729703265,0.664318998
-0.040770716,1,0.359624435,0.068485119,-0.237751694
0.867632481,0.359624435,1,-0.478786249,0.393074982
-0.729703265,0.068485119,-0.478786249,1,-0.724195106
0.664318998,-0.237751694,0.393074982,-0.724195106,1
