"interLMdistanceJ","interLMdistanceB","interLMdistanceH","interLMdistanceD","interLMdistanceE"
1,-0.237751694,-0.679457527,0.353580326,-0.551446795
-0.237751694,1,0.390793218,-0.271421333,0.584668178
-0.679457527,0.390793218,1,0.139046488,0.681803262
0.353580326,-0.271421333,0.139046488,1,0.326336182
-0.551446795,0.584668178,0.681803262,0.326336182,1
