"interLMdistanceH","interLMdistanceI","interLMdistanceC","interLMdistanceA","interLMdistanceD"
1,-0.028867513,0.13845786,-0.249153974,-0.533287375
-0.028867513,1,-0.534447194,-0.969954025,-0.263014202
0.13845786,-0.534447194,1,0.495635052,0.562097176
-0.249153974,-0.969954025,0.495635052,1,0.072065447
-0.533287375,-0.263014202,0.562097176,0.072065447,1
