"interLMdistanceA","interLMdistanceG","interLMdistanceH","interLMdistanceI","interLMdistanceC"
1,0.255107831,-0.249153974,-0.969954025,0.495635052
0.255107831,1,0.050903935,-0.493741931,0.734608176
-0.249153974,0.050903935,1,-0.028867513,0.13845786
-0.969954025,-0.493741931,-0.028867513,1,-0.534447194
0.495635052,0.734608176,0.13845786,-0.534447194,1
