"interLMdistanceG","interLMdistanceF","interLMdistanceE","interLMdistanceC","interLMdistanceB"
1,0.366197802,0.683041571,0.84727628,0.65754631
0.366197802,1,0.541899847,0.359236067,0.359624435
0.683041571,0.541899847,1,0.741764042,0.584668178
0.84727628,0.359236067,0.741764042,1,0.615653865
0.65754631,0.359624435,0.584668178,0.615653865,1
