"interLMdistanceG","interLMdistanceE","interLMdistanceD","interLMdistanceH","interLMdistanceF"
1,0.85080276,0.304776145,0.050903935,0.578383405
0.85080276,1,-0.107909278,0,0.046995627
0.304776145,-0.107909278,1,-0.533287375,-0.281800931
0.050903935,0,-0.533287375,1,-0.476313972
0.578383405,0.046995627,-0.281800931,-0.476313972,1
