"interLMdistanceA","interLMdistanceJ","interLMdistanceE","interLMdistanceH","interLMdistanceB"
1,-0.724195106,0.244887543,0.308659853,0.068485119
-0.724195106,1,-0.551446795,-0.679457527,-0.237751694
0.244887543,-0.551446795,1,0.681803262,0.584668178
0.308659853,-0.679457527,0.681803262,1,0.390793218
0.068485119,-0.237751694,0.584668178,0.390793218,1
